jpet59,59641
jpet68,59688
jpet26,60713
jpet43,60722
jpet70,60729
jpet47,60738
jpet61,60746
jpet43,60817
jpet10,60826
jpet49,60833
jpet57,60843
jpet29,60851
jpet44,68299
jpet22,68308
jpet40,68317
jpet22,68325
jpet26,68335
jpet43,68342
jpet72,70390
jpet45,70400
jpet65,70408
jpet11,70418
jpet13,70425
jpet69,70434
jpet41,71537
jpet41,71546
jpet58,71556
jpet8,71565
jpet10,71576
jpet22,71584
jpet40,71592
jpet44,71602
jpet3,71610
jpet63,71619
jpet19,72151
jpet52,72159
jpet7,72167
jpet14,72176
jpet8,72185
jpet48,72194
jpet26,72203
jpet7,72211
jpet51,72220
jpet56,72229
jpet36,72237
jpet64,72245
jpet72,76267
jpet62,76269
jpet20,76270
jpet17,76271
jpet42,76272
jpet18,76279
jpet43,76280
jpet20,76281
jpet4,76284
jpet72,76292
jpet6,76294
